Country,Year,CO2 Emissions (1000 t)
Afghanistan,2005,3222.2
Afghanistan,2013,9851
Albania,1990,3101.66
Albania,1991,5166.7
Albania,1992,3311.06
Albania,1993,3235.4700000000003
Albania,1994,3500.4900000000002
Albania,1995,3477.42
Albania,1996,3341.56
Albania,1997,3426.64
Albania,1998,4139.06
Albania,1999,4478.33
Albania,2000,3507.9
Albania,2001,4224.1
Albania,2002,4283.95
Albania,2003,4614.75
Albania,2004,4939.110000000001
Albania,2005,4953.33
Albania,2006,4944.38
Albania,2007,5395.06
Albania,2008,5530.3
Albania,2009,5942.57
Algeria,1994,63705
Algeria,2000,71593.26
Angola,2000,16317
Angola,2005,27809
Antigua and Barbuda,1990,288.14000000000004
Antigua and Barbuda,2000,371.88
Argentina,1990,100867.5
Argentina,1994,117595.97
Argentina,1997,125563.93
Argentina,2000,128323.87000000001
Argentina,2010,181939.49
Argentina,2012,188265.15
Armenia,1990,21615.960000000003
Armenia,2000,3199.57
Armenia,2006,4173.95
Armenia,2010,4456.99
Australia,1990,278424.66
Australia,1991,279872.66
Australia,1992,284912.44
Australia,1993,289235.19
Australia,1994,294014.96
Australia,1995,305410.17
Australia,1996,312361.59
Australia,1997,320795.09
Australia,1998,334684.52
Australia,1999,344063.77
Australia,2000,350195.02
Australia,2001,357669.18
Australia,2002,362209.55
Australia,2003,369726.02
Australia,2004,383205.12
Australia,2005,386513.45
Australia,2006,392680.64999999997
Australia,2007,399842.46
Australia,2008,404417.41000000003
Australia,2009,407463.33
Australia,2010,405502.8
Australia,2011,404172.76
Australia,2012,406506.24
Australia,2013,397943.18
Australia,2014,394116.89
Australia,2015,401554.76
Australia,2016,411031.53
Australia,2017,415097.43000000005
Australia,2018,415953.95
Austria,1990,62124.7
Austria,1991,65725.53
Austria,1992,60204.07
Austria,1993,60635.42
Austria,1994,61002.44
Austria,1995,64065.259999999995
Austria,1996,67421.59
Austria,1997,67232.78
Austria,1998,66875.15000000001
Austria,1999,65562.72
Austria,2000,66162.89
Austria,2001,70102.6
Austria,2002,71918.76
Austria,2003,77554.25
Austria,2004,77674.39
Austria,2005,79192.43
Austria,2006,76898.33
Austria,2007,74262.59
Austria,2008,73588.4
Austria,2009,67493.95
Austria,2010,72011.84
Austria,2011,69898.23999999999
Austria,2012,67209.1
Austria,2013,67745.69
Austria,2014,64084.43
Austria,2015,66283.23999999999
Austria,2016,67112.27
Austria,2017,69628.86
Austria,2018,66719.68000000001
Azerbaijan,1990,55893.729999999996
Azerbaijan,1991,51901.46
Azerbaijan,1992,44546.68
Azerbaijan,1993,39136.42
Azerbaijan,1994,34272.68
Azerbaijan,1995,36561.350000000006
Azerbaijan,1996,29965.84
Azerbaijan,1997,28935.02
Azerbaijan,1998,28567.01
Azerbaijan,1999,27869.25
Azerbaijan,2000,29010.24
Azerbaijan,2001,28243.149999999998
Azerbaijan,2002,28031.43
Azerbaijan,2003,30733.16
Azerbaijan,2004,33010.78999999999
Azerbaijan,2005,35472.53
Azerbaijan,2006,34310.57
Azerbaijan,2007,29284.629999999997
Azerbaijan,2008,32283.34
Azerbaijan,2009,26893.1
Azerbaijan,2010,26411.829999999998
Azerbaijan,2011,28083.87
Azerbaijan,2012,29847.75
Azerbaijan,2013,39228.89
Bahamas,1990,1894.2
Bahamas,1994,1866.2
Bahamas,2000,660.4399999999999
Bahrain,1994,16483
Bahrain,2000,18170
Bangladesh,1994,16459.73
Bangladesh,2001,33148.52
Bangladesh,2005,40862.340000000004
Barbados,1990,1564.22
Barbados,1994,1913.3799999999999
Barbados,1997,2198.32
Belarus,1990,103689.70999999999
Belarus,1991,96647.13
Belarus,1992,88662.01
Belarus,1993,76380.05
Belarus,1994,62367.89
Belarus,1995,57375.450000000004
Belarus,1996,58214.8
Belarus,1997,58720.59
Belarus,1998,57372.47
Belarus,1999,54984.5
Belarus,2000,54877.36
Belarus,2001,54967.87
Belarus,2002,55077.7
Belarus,2003,56484.950000000004
Belarus,2004,60076.47
Belarus,2005,61367.1
Belarus,2006,64157.159999999996
Belarus,2007,63569.93
Belarus,2008,65694.82
Belarus,2009,61402.7
Belarus,2010,63156.39
Belarus,2011,62106.74
Belarus,2012,63008.350000000006
Belarus,2013,63743.450000000004
Belarus,2014,63083.64
Belarus,2015,58633.06
Belarus,2016,60284.850000000006
Belarus,2017,60742.93
Belarus,2018,61871.68
Belgium,1990,120309.34
Belgium,1991,123382.08
Belgium,1992,122507.84
Belgium,1993,121444.2
Belgium,1994,124816.9
Belgium,1995,125956.47
Belgium,1996,129496.58
Belgium,1997,124001.76
Belgium,1998,130227.11
Belgium,1999,124718.9
Belgium,2000,126735.3
Belgium,2001,126084.68000000001
Belgium,2002,126878.58
Belgium,2003,128275.26
Belgium,2004,128805.29
Belgium,2005,125661.69
Belgium,2006,123905.76
Belgium,2007,120496.16
Belgium,2008,120202.86
Belgium,2009,107743.37000000001
Belgium,2010,114561.03
Belgium,2011,105046.06
Belgium,2012,102428.75
Belgium,2013,102674.4
Belgium,2014,96811.32
Belgium,2015,100981.34
Belgium,2016,99806.93999999999
Belgium,2017,99456.28
Belgium,2018,100207.84
Belize,1994,598.07
Belize,2003,3.9299999999999997
Belize,2006,4.71
Belize,2009,5.930000000000001
Benin,1995,802.3399999999999
Benin,2000,1416.3799999999999
Bhutan,1994,228.46
Bhutan,2000,498.07
Bolivia (Plurinational State of),1990,5386.1900000000005
Bolivia (Plurinational State of),1994,8146.25
Bolivia (Plurinational State of),1998,8930.9
Bolivia (Plurinational State of),2000,7782.84
Bolivia (Plurinational State of),2002,9073.28
Bolivia (Plurinational State of),2004,9786.04
Bosnia and Herzegovina,1990,26461.07
Bosnia and Herzegovina,1991,23850.3
Bosnia and Herzegovina,1992,5933.320000000001
Bosnia and Herzegovina,1993,2208.48
Bosnia and Herzegovina,1994,2426.14
Bosnia and Herzegovina,1995,2140.56
Bosnia and Herzegovina,1996,4429.620000000001
Bosnia and Herzegovina,1997,7022.49
Bosnia and Herzegovina,1998,10776.92
Bosnia and Herzegovina,1999,10968
Bosnia and Herzegovina,2000,11633.230000000001
Bosnia and Herzegovina,2001,12239.58
Bosnia and Herzegovina,2013,19418
Bosnia and Herzegovina,2014,21712
Botswana,1994,3014.5
Botswana,2000,3979
Botswana,2015,7435.22
Brazil,1990,213555
Brazil,1991,224675
Brazil,1992,226821
Brazil,1993,235656
Brazil,1994,245012
Brazil,1995,263283
Brazil,1996,282440
Brazil,1997,299443
Brazil,1998,310259
Brazil,1999,320522
Brazil,2000,331466
Brazil,2001,338212
Brazil,2002,337959
Brazil,2003,333001
Brazil,2004,349853
Brazil,2005,356897
Brazil,2006,361457
Brazil,2007,380822
Brazil,2008,402090
Brazil,2009,381380
Brazil,2010,429844
Brazil,2011,450956
Brazil,2012,482697
Brazil,2013,511858
Brazil,2014,532094
Brazil,2015,504747
Brunei Darussalam,2010,5882.59
Bulgaria,1990,76698.98
Bulgaria,1991,61232.6
Bulgaria,1992,57010.43
Bulgaria,1993,57675.64
Bulgaria,1994,56083.53
Bulgaria,1995,57716.37
Bulgaria,1996,58108.02
Bulgaria,1997,55861.27
Bulgaria,1998,53275.219999999994
Bulgaria,1999,46369.98
Bulgaria,2000,45305.03
Bulgaria,2001,49014.14
Bulgaria,2002,46258.57
Bulgaria,2003,50509.67
Bulgaria,2004,49570.729999999996
Bulgaria,2005,50656.43
Bulgaria,2006,51895.219999999994
Bulgaria,2007,55740.840000000004
Bulgaria,2008,54079.56
Bulgaria,2009,45773.77
Bulgaria,2010,47862.93
Bulgaria,2011,53178.04
Bulgaria,2012,48349.01
Bulgaria,2013,42649.51
Bulgaria,2014,45169.33
Bulgaria,2015,48194.28
Bulgaria,2016,45353.719999999994
Bulgaria,2017,47505.159999999996
Bulgaria,2018,43551.6
Burkina Faso,1994,902
Burkina Faso,2007,1604.34
Burundi,1998,143.18
Burundi,2005,140.69
Burundi,2010,172.97
Burundi,2015,158.62
Cabo Verde,1995,217.73
Cabo Verde,2000,284.95
Cambodia,1994,1321.93
Cambodia,2000,2052.58
Cameroon,1994,2769.52
Cameroon,2000,2991
Canada,1990,462117.35
Canada,1991,452494.72000000003
Canada,1992,467037.42000000004
Canada,1993,467406.41000000003
Canada,1994,482436.58
Canada,1995,494920.25
Canada,1996,510736.66
Canada,1997,524789.1699999999
Canada,1998,533639.7899999999
Canada,1999,549553.21
Canada,2000,572162.1
Canada,2001,564946.4
Canada,2002,570844.7799999999
Canada,2003,587178.15
Canada,2004,585703.1
Canada,2005,576434.4600000001
Canada,2006,570950.38
Canada,2007,594220.57
Canada,2008,575586.91
Canada,2009,542549.6
Canada,2010,555549.8500000001
Canada,2011,566740.99
Canada,2012,569737.01
Canada,2013,576327.01
Canada,2014,575942.1799999999
Canada,2015,575906.9400000001
Canada,2016,564032.53
Canada,2017,572834.39
Canada,2018,586504.63
Central African Republic,1994,212
Central African Republic,2003,180.46
Central African Republic,2004,193.34
Central African Republic,2005,207.36
Central African Republic,2006,214.70999999999998
Central African Republic,2007,232.20999999999998
Central African Republic,2008,235.91
Central African Republic,2009,232.95000000000002
Central African Republic,2010,252.59
Chad,1993,309.65000000000003
Chad,1998,334.6
Chad,1999,358.58
Chad,2000,304.98999999999995
Chad,2001,368.59
Chad,2002,452.77
Chad,2003,4054.6
Chile,1990,33289.7
Chile,1993,34963.9
Chile,1994,38485.8
Chile,2000,54750.5
Chile,2006,60056.659999999996
Chile,2010,69667
Chile,2013,80498.4
Chile,2016,87444
China,1994,3073470
China,2005,6381000
China,2010,8707376
China,2012,9893257
China,2014,10274851
Colombia,1990,49706.5
Colombia,1994,60917.3
Colombia,2000,63813.83
Colombia,2004,63907.28
Comoros,1994,70.52
Comoros,2000,82.42
Congo,1994,673.7
Congo,2000,1292.1499999999999
Cook Islands,1994,32.56
Costa Rica,1990,2749.3
Costa Rica,1996,4554.7
Costa Rica,2000,5104.67
Costa Rica,2005,5989.1
Côte d’Ivoire,1994,4345.7699999999995
Côte d’Ivoire,2000,60372.310000000005
Croatia,1990,23329.25
Croatia,1991,17182.3
Croatia,1992,16506.08
Croatia,1993,16959.780000000002
Croatia,1994,16214.220000000001
Croatia,1995,16926.34
Croatia,1996,17515.27
Croatia,1997,18575.88
Croatia,1998,19278.9
Croatia,1999,20115.460000000003
Croatia,2000,19694.45
Croatia,2001,20806.74
Croatia,2002,21912.74
Croatia,2003,23268.21
Croatia,2004,22916.829999999998
Croatia,2005,23330.1
Croatia,2006,23529.45
Croatia,2007,24843.809999999998
Croatia,2008,23628.58
Croatia,2009,21837.8
Croatia,2010,21050.86
Croatia,2011,20682.440000000002
Croatia,2012,19114.780000000002
Croatia,2013,18454.62
Croatia,2014,17704.99
Croatia,2015,17840.75
Croatia,2016,18105.04
Croatia,2017,18737.69
Croatia,2018,17718.649999999998
Cuba,1990,33899.58
Cuba,1992,21598.809999999998
Cuba,1994,22193.47
Cuba,1996,26382.129999999997
Cuba,1998,27973.77
Cuba,2000,26586.22
Cuba,2002,24892.95
Cyprus,1990,4656.89
Cyprus,1991,5146.610000000001
Cyprus,1992,5522.91
Cyprus,1993,5766.969999999999
Cyprus,1994,6011.110000000001
Cyprus,1995,5882.2699999999995
Cyprus,1996,6233.23
Cyprus,1997,6321.03
Cyprus,1998,6614.6500000000005
Cyprus,1999,6882.469999999999
Cyprus,2000,7145.88
Cyprus,2001,7021.41
Cyprus,2002,7210.78
Cyprus,2003,7605.55
Cyprus,2004,7840.94
Cyprus,2005,8031.3
Cyprus,2006,8223.17
Cyprus,2007,8538.92
Cyprus,2008,8707.25
Cyprus,2009,8453.8
Cyprus,2010,8089.01
Cyprus,2011,7759.469999999999
Cyprus,2012,7234.89
Cyprus,2013,6554.360000000001
Cyprus,2014,6934.59
Cyprus,2015,6960.13
Cyprus,2016,7368.23
Cyprus,2017,7515.6900000000005
Cyprus,2018,7332.76
Czechia,1990,164204.21000000002
Czechia,1991,148894.13
Czechia,1992,144619.02
Czechia,1993,138637.29
Czechia,1994,132376.14
Czechia,1995,131608.26
Czechia,1996,134962.55
Czechia,1997,130733.07
Czechia,1998,125317.67000000001
Czechia,1999,116623.43
Czechia,2000,127066.45
Czechia,2001,126957.56
Czechia,2002,123895.62000000001
Czechia,2003,127382.8
Czechia,2004,128113.81
Czechia,2005,125671.93999999999
Czechia,2006,126449.45
Czechia,2007,128264.33
Czechia,2008,122941.37000000001
Czechia,2009,115193.73999999999
Czechia,2010,117500.70999999999
Czechia,2011,115060.26
Czechia,2012,110955.16
Czechia,2013,106427.45999999999
Czechia,2014,104049.88
Czechia,2015,104815.38
Czechia,2016,106629.02
Czechia,2017,105641.73
Czechia,2018,104411.20999999999
Democratic People's Republic of Korea,1990,178713
Democratic People's Republic of Korea,1994,133349
Democratic People's Republic of Korea,2000,68740
Democratic People's Republic of Korea,2002,73779
Democratic Republic of the Congo,1994,1447.71
Democratic Republic of the Congo,1999,2488
Democratic Republic of the Congo,2000,2644.2
Democratic Republic of the Congo,2001,2793
Democratic Republic of the Congo,2002,2651
Democratic Republic of the Congo,2003,2645
Denmark,1990,54845.67
Denmark,1991,65428.350000000006
Denmark,1992,59595.59
Denmark,1993,61682.6
Denmark,1994,65699.57
Denmark,1995,62655.77
Denmark,1996,75987.01
Denmark,1997,66603.08
Denmark,1998,62395.89
Denmark,1999,59842.619999999995
Denmark,2000,55609.689999999995
Denmark,2001,57322.68
Denmark,2002,56895.54
Denmark,2003,62055.93
Denmark,2004,56499.810000000005
Denmark,2005,52932
Denmark,2006,60858.689999999995
Denmark,2007,56102.04
Denmark,2008,52640.37
Denmark,2009,50184.689999999995
Denmark,2010,50678.310000000005
Denmark,2011,45652.28
Denmark,2012,41218.24
Denmark,2013,43079.33
Denmark,2014,38866.729999999996
Denmark,2015,36493.99
Denmark,2016,38301.02
Denmark,2017,36213.25
Denmark,2018,36246.2
Djibouti,1994,274.15000000000003
Djibouti,2000,342.02
Dominica,1994,76.53
Dominica,2000,105.8
Dominica,2001,117.92
Dominica,2002,113.27
Dominica,2003,111.08
Dominica,2004,110.89
Dominica,2005,119.06
Dominica,2006,122
Dominica,2007,128.46
Dominica,2008,122.45
Dominica,2009,133.78
Dominica,2010,141.55
Dominica,2011,149.81
Dominica,2012,158.9
Dominica,2013,161.03
Dominica,2014,167.23999999999998
Dominica,2015,170.15
Dominica,2016,169.84
Dominica,2017,156.85000000000002
Dominican Republic,1990,8762.93
Dominican Republic,1994,15003.05
Dominican Republic,1998,16423.85
Dominican Republic,2000,18416.75
Dominican Republic,2010,12572.41
Ecuador,1990,14252.93
Ecuador,2010,37473.91
Ecuador,2012,41084.46
Egypt,1990,84235
Egypt,2000,128227.95
Egypt,2005,169249.7
El Salvador,1994,4514.6500000000005
El Salvador,2005,6062.2699999999995
Eritrea,1994,719.7900000000001
Eritrea,1995,752.02
Eritrea,1996,827.8399999999999
Eritrea,1997,732.25
Eritrea,1998,576.1
Eritrea,1999,615.25
Eritrea,2000,621
Estonia,1990,36907.24
Estonia,1991,33901.77
Estonia,1992,24370.460000000003
Estonia,1993,18910.36
Estonia,1994,19734.05
Estonia,1995,18048.829999999998
Estonia,1996,18759.52
Estonia,1997,18317.280000000002
Estonia,1998,16817.25
Estonia,1999,15653.349999999999
Estonia,2000,15244.19
Estonia,2001,15576.730000000001
Estonia,2002,15090.49
Estonia,2003,16937.23
Estonia,2004,17201.01
Estonia,2005,16921.62
Estonia,2006,16208.81
Estonia,2007,19838.56
Estonia,2008,17668.12
Estonia,2009,14339.01
Estonia,2010,18784.960000000003
Estonia,2011,18855.12
Estonia,2012,17684.980000000003
Estonia,2013,19551.95
Estonia,2014,18755.95
Estonia,2015,15813.4
Estonia,2016,17377.649999999998
Estonia,2017,18635.87
Estonia,2018,17710.95
Eswatini,1994,873.87
Ethiopia,1990,2307
Ethiopia,1991,1879
Ethiopia,1992,2073
Ethiopia,1993,2401
Ethiopia,1994,2359.14
Ethiopia,1995,2238.27
Ethiopia,1996,2457.3500000000004
Ethiopia,1997,2895.98
Ethiopia,1998,2995.4300000000003
Ethiopia,1999,3164.82
Ethiopia,2000,3437.9
Ethiopia,2001,4250.98
Ethiopia,2002,4464.75
Ethiopia,2003,5027.51
Ethiopia,2004,5289.29
Ethiopia,2005,6589.51
Ethiopia,2006,6352.01
Ethiopia,2007,9066.91
Ethiopia,2008,8339.15
Ethiopia,2009,9004.12
Ethiopia,2010,11134.349999999999
Ethiopia,2011,9522.03
Ethiopia,2012,9655.41
Ethiopia,2013,10143.08
Fiji,1994,821
Fiji,2004,1566.57
Finland,1990,56971.87
Finland,1991,55230.4
Finland,1992,54285.53
Finland,1993,56352.55
Finland,1994,61716.2
Finland,1995,58145.44
Finland,1996,64062.41
Finland,1997,62722.99
Finland,1998,59373.259999999995
Finland,1999,58894.77
Finland,2000,57038.25
Finland,2001,62536.21
Finland,2002,65059.78999999999
Finland,2003,72657.82
Finland,2004,68960.75
Finland,2005,57042.9
Finland,2006,68384.42
Finland,2007,66760.3
Finland,2008,58609.619999999995
Finland,2009,55924.37
Finland,2010,64099.450000000004
Finland,2011,56665.65
Finland,2012,51222.15
Finland,2013,51750.96
Finland,2014,47643.86
Finland,2015,44113.71
Finland,2016,47227.55
Finland,2017,44673.06
Finland,2018,45849.350000000006
France,1990,403307.24
France,1991,428927.11
France,1992,418231.02
France,1993,397655.36
France,1994,393368.86
France,1995,400239.12
France,1996,415941.02
France,1997,408989.96
France,1998,428344.36
France,1999,424600.51
France,2000,419232.28
France,2001,424005.85
France,2002,419347.5
France,2003,426145.7
France,2004,427117.58
France,2005,430528.28
France,2006,419737.02
France,2007,409033.41000000003
France,2008,401422.87
France,2009,385421.58
France,2010,393717.82
France,2011,367051.08
France,2012,368311.77
France,2013,370548.99000000005
France,2014,339492.92000000004
France,2015,344096.98000000004
France,2016,347095.62
France,2017,352178.98000000004
France,2018,338327.1
Gabon,1994,4407.74
Gabon,2000,5157.2699999999995
Gambia,1993,181.06
Gambia,2000,218.76999999999998
Georgia,1990,35520
Georgia,1991,28131.8
Georgia,1992,17119.4
Georgia,1993,9775.3
Georgia,1994,6525.8
Georgia,1995,4560.4
Georgia,1996,7491.1
Georgia,1997,8480
Georgia,2000,3705.2
Georgia,2001,3875
Georgia,2002,3681
Georgia,2003,3931
Georgia,2004,4844
Georgia,2005,5045
Georgia,2006,6233
Georgia,2007,7160
Georgia,2008,7062
Georgia,2009,6562
Georgia,2010,6634.73
Georgia,2011,9151.01
Georgia,2012,9786.39
Georgia,2013,9478.16
Germany,1990,1052348.54
Germany,1991,1014199.72
Germany,1992,965889.81
Germany,1993,956233.11
Germany,1994,939630.2799999999
Germany,1995,939176.7
Germany,1996,959124.13
Germany,1997,931230.07
Germany,1998,923275.91
Germany,1999,895642.93
Germany,2000,899780.2
Germany,2001,916366.14
Germany,2002,899821.05
Germany,2003,900866.41
Germany,2004,886965.97
Germany,2005,866388.55
Germany,2006,877997.39
Germany,2007,851383.3
Germany,2008,854706.3300000001
Germany,2009,790195.72
Germany,2010,832669.74
Germany,2011,809426.9500000001
Germany,2012,813893.12
Germany,2013,831316.2799999999
Germany,2014,792684.87
Germany,2015,795816.3600000001
Germany,2016,800510.2899999999
Germany,2017,786654.55
Germany,2018,755362.3400000001
Ghana,1990,2861.8
Ghana,1991,2377.12
Ghana,1992,2897.7
Ghana,1993,3123.8500000000004
Ghana,1994,3243.03
Ghana,1995,3556.74
Ghana,1996,3844.07
Ghana,1997,3977.84
Ghana,1998,4364.21
Ghana,1999,4925.45
Ghana,2000,6297.67
Ghana,2001,5585.01
Ghana,2002,5965.42
Ghana,2003,6410.85
Ghana,2004,5789.37
Ghana,2005,6431.14
Ghana,2006,7847.2
Greece,1990,83425.55
Greece,1991,83401.12000000001
Greece,1992,84982.70999999999
Greece,1993,84296.37000000001
Greece,1994,86442.18000000001
Greece,1995,86979.1
Greece,1996,89132.01
Greece,1997,93820.93
Greece,1998,98641.5
Greece,1999,97958.38
Greece,2000,102999.03
Greece,2001,105385.7
Greece,2002,105020.95999999999
Greece,2003,109089.75
Greece,2004,109546.75
Greece,2005,113930.97
Greece,2006,112472.43999999999
Greece,2007,114592.34
Greece,2008,111125.23999999999
Greece,2009,104354.75
Greece,2010,97361.5
Greece,2011,94549.58
Greece,2012,91430.1
Greece,2013,81735.05
Greece,2014,78659.8
Greece,2015,74957.9
Greece,2016,71368.36
Greece,2017,74852.85
Greece,2018,71797.87000000001
Grenada,1994,135
Guatemala,1990,4245.07
Guatemala,1994,10116.47
Guatemala,2000,10578.65
Guatemala,2005,12553.740000000002
Guinea,1994,1580.49
Guinea,2000,1960
Guinea-Bissau,1994,178.60999999999999
Guinea-Bissau,2006,156.81
Guinea-Bissau,2010,2450.67
Guyana,1990,1439
Guyana,1991,1439
Guyana,1992,1439
Guyana,1993,1439
Guyana,1994,1439
Guyana,1995,1465
Guyana,1996,1534
Guyana,1997,1680
Guyana,1998,1769
Guyana,1999,1718
Guyana,2000,1688
Guyana,2001,2094
Guyana,2002,1657
Guyana,2003,1657
Guyana,2004,1657
Haiti,1994,189.1
Haiti,1995,923.69
Haiti,1996,1050.91
Haiti,1997,1310.79
Haiti,1998,1347.44
Haiti,1999,1545.77
Haiti,2000,1447.6599999999999
Honduras,1995,4085.25
Honduras,2000,4162.45
Honduras,2005,7201.8
Honduras,2015,9902.61
Hungary,1990,73464.85
Hungary,1991,69784.52
Hungary,1992,62415.94
Hungary,1993,63632.759999999995
Hungary,1994,61973.51
Hungary,1995,61690.77
Hungary,1996,63257.52
Hungary,1997,61813.14
Hungary,1998,61415
Hungary,1999,61911.6
Hungary,2000,58608.27
Hungary,2001,60238.8
Hungary,2002,59197
Hungary,2003,61981.47
Hungary,2004,60489.92
Hungary,2005,60606.53
Hungary,2006,59915.380000000005
Hungary,2007,58688.63
Hungary,2008,57530.82
Hungary,2009,51774.97
Hungary,2010,52123.68
Hungary,2011,50322.15
Hungary,2012,46776.68
Hungary,2013,43704.810000000005
Hungary,2014,43862.71
Hungary,2015,46627.61
Hungary,2016,47395.71
Hungary,2017,49684.850000000006
Hungary,2018,49628.49
Iceland,1990,2247.8
Iceland,1991,2128.4100000000003
Iceland,1992,2274.27
Iceland,1993,2432.16
Iceland,1994,2373.3
Iceland,1995,2476.7
Iceland,1996,2532.04
Iceland,1997,2627.51
Iceland,1998,2647.86
Iceland,1999,2853.9500000000003
Iceland,2000,2946.4700000000003
Iceland,2001,2875.24
Iceland,2002,3000.52
Iceland,2003,2994.55
Iceland,2004,3116.8900000000003
Iceland,2005,2985.9700000000003
Iceland,2006,3164.4
Iceland,2007,3512.1
Iceland,2008,3824.94
Iceland,2009,3740.18
Iceland,2010,3660.12
Iceland,2011,3510.64
Iceland,2012,3502.8900000000003
Iceland,2013,3492.77
Iceland,2014,3469.68
Iceland,2015,3545.2599999999998
Iceland,2016,3497.54
Iceland,2017,3614.8700000000003
Iceland,2018,3674.53
India,1994,779348
India,2000,1024772.8600000001
India,2010,1574362.1600000001
Indonesia,1990,142688.19
Indonesia,1991,155100.4
Indonesia,1992,165505.55
Indonesia,1993,175681.84999999998
Indonesia,1994,189146.31
Indonesia,2000,289527.14999999997
Iran (Islamic Republic of),1994,310645.33
Iran (Islamic Republic of),2000,365908.35
Iraq,1997,60379
Ireland,1990,32944.33
Ireland,1991,33674.01
Ireland,1992,33494.93
Ireland,1993,33716.18
Ireland,1994,34838.15
Ireland,1995,35852.67
Ireland,1996,37469.15
Ireland,1997,38805.24
Ireland,1998,40708.850000000006
Ireland,1999,42440.08
Ireland,2000,45249
Ireland,2001,47607.42
Ireland,2002,46081.98
Ireland,2003,45683.97
Ireland,2004,46166.93
Ireland,2005,48155.54
Ireland,2006,47603.94
Ireland,2007,47665.13
Ireland,2008,47366.25
Ireland,2009,42179.54
Ireland,2010,41747.93
Ireland,2011,38052.219999999994
Ireland,2012,38209.59
Ireland,2013,37235.3
Ireland,2014,36785.33
Ireland,2015,38545.33
Ireland,2016,40029.840000000004
Ireland,2017,38910.189999999995
Ireland,2018,38803.39
Israel,1996,52232.3
Israel,2000,61067.82
Israel,2003,62513.59
Israel,2004,62438.659999999996
Israel,2005,62711.880000000005
Israel,2006,63741.57
Israel,2007,66567.6
Israel,2008,66048.15000000001
Israel,2009,63225.75
Israel,2010,65088.77
Israel,2011,67138.40999999999
Israel,2012,72410.98999999999
Israel,2013,66290.47
Israel,2014,64285.91
Israel,2015,66100.38
Israel,2016,65191.77
Israel,2017,65055.350000000006
Israel,2018,64804.64
Italy,1990,438008.8
Italy,1991,437538.6
Italy,1992,437829.8
Italy,1993,430179.96
Italy,1994,424581.72000000003
Italy,1995,448332.91000000003
Italy,1996,442277.41000000003
Italy,1997,448044.94
Italy,1998,460049.2
Italy,1999,464548.48000000004
Italy,2000,468442.09
Italy,2001,468642.86
Italy,2002,476251.24
Italy,2003,494183.29000000004
Italy,2004,499619.39
Italy,2005,500005.68
Italy,2006,495124.2
Italy,2007,487693.31
Italy,2008,476229.97000000003
Italy,2009,422624.19
Italy,2010,433688.02
Italy,2011,422039.48000000004
Italy,2012,401554.71
Italy,2013,367568.71
Italy,2014,347860.8
Italy,2015,360088.18
Italy,2016,356556.2
Italy,2017,351473.93000000005
Italy,2018,348085.03
Jamaica,1994,8561.19
Jamaica,2006,11204.47
Jamaica,2007,9854.93
Jamaica,2008,10655.98
Jamaica,2009,7916.63
Jamaica,2010,7283.620000000001
Jamaica,2012,7383.89
Japan,1990,1158391.31
Japan,1991,1170065.73
Japan,1992,1179740.1
Japan,1993,1172647.31
Japan,1994,1227566.84
Japan,1995,1239928.1600000001
Japan,1996,1251867.57
Japan,1997,1245112.03
Japan,1998,1205416.32
Japan,1999,1242015.31
Japan,2000,1264844.26
Japan,2001,1250211.05
Japan,2002,1279452.96
Japan,2003,1287642.1800000002
Japan,2004,1282872.08
Japan,2005,1290056.28
Japan,2006,1266828.61
Japan,2007,1302524.28
Japan,2008,1231909.52
Japan,2009,1162647.87
Japan,2010,1214068.56
Japan,2011,1264155.1300000001
Japan,2012,1305432.85
Japan,2013,1314703
Japan,2014,1263049.94
Japan,2015,1222781.31
Japan,2016,1203167.02
Japan,2017,1187661.45
Japan,2018,1135688
Jordan,1994,13389.43
Jordan,2000,16308.31
Jordan,2006,23136
Kazakhstan,1990,281213.95
Kazakhstan,1991,271741.01
Kazakhstan,1992,246741.37
Kazakhstan,1993,219390.01
Kazakhstan,1994,185835.33
Kazakhstan,1995,178207.46
Kazakhstan,1996,163543.77000000002
Kazakhstan,1997,155572.21000000002
Kazakhstan,1998,150541.2
Kazakhstan,1999,124952.45
Kazakhstan,2000,148756.16
Kazakhstan,2001,142923.9
Kazakhstan,2002,160804.18
Kazakhstan,2003,178774.59
Kazakhstan,2004,188475.9
Kazakhstan,2005,202326.2
Kazakhstan,2006,221649.31999999998
Kazakhstan,2007,227961.08
Kazakhstan,2008,229096.3
Kazakhstan,2009,224145.63
Kazakhstan,2010,250896.96
Kazakhstan,2011,240651.23
Kazakhstan,2012,246750.44
Kazakhstan,2013,254547.44999999998
Kazakhstan,2014,278775.59
Kazakhstan,2015,288578.12
Kazakhstan,2016,288421.37
Kazakhstan,2017,307926.54
Kazakhstan,2018,319647.41000000003
Kenya,1994,5511.96
Kenya,1995,7056.88
Kenya,2000,7927.57
Kenya,2005,9281.16
Kenya,2010,13888.3
Kiribati,1994,18.56
Kiribati,2004,29.66
Kiribati,2005,31.23
Kiribati,2006,62.78
Kiribati,2007,67.72
Kiribati,2008,63.78
Kuwait,1994,29524
Kuwait,2016,83921.36
Kyrgyzstan,1990,20531.57
Kyrgyzstan,1991,17598.99
Kyrgyzstan,1992,14601.29
Kyrgyzstan,1993,11719.26
Kyrgyzstan,1994,8668.83
Kyrgyzstan,1995,5556.76
Kyrgyzstan,1996,5738.89
Kyrgyzstan,1997,6543
Kyrgyzstan,1998,5519.55
Kyrgyzstan,1999,5052.22
Kyrgyzstan,2000,4957.14
Kyrgyzstan,2001,4728.8
Kyrgyzstan,2002,4944.52
Kyrgyzstan,2003,5094.63
Kyrgyzstan,2004,5319.37
Kyrgyzstan,2005,5392.160000000001
Kyrgyzstan,2006,5527.55
Kyrgyzstan,2007,6504.54
Kyrgyzstan,2008,7357.6500000000005
Kyrgyzstan,2009,6934.51
Kyrgyzstan,2010,6363.38
Lao People's Democratic Republic,1990,414.90999999999997
Lao People's Democratic Republic,2000,1052.1899999999998
Latvia,1990,19504.129999999997
Latvia,1991,17783.12
Latvia,1992,14079.83
Latvia,1993,11818.640000000001
Latvia,1994,10296.75
Latvia,1995,9090.31
Latvia,1996,9170.27
Latvia,1997,8645.949999999999
Latvia,1998,8280.69
Latvia,1999,7695.969999999999
Latvia,2000,7064.72
Latvia,2001,7474.39
Latvia,2002,7502.610000000001
Latvia,2003,7722.59
Latvia,2004,7727.76
Latvia,2005,7806.68
Latvia,2006,8305.730000000001
Latvia,2007,8631.99
Latvia,2008,8192.82
Latvia,2009,7451.92
Latvia,2010,8548.88
Latvia,2011,7805.4
Latvia,2012,7515.21
Latvia,2013,7381.99
Latvia,2014,7182.63
Latvia,2015,7272.71
Latvia,2016,7220.75
Latvia,2017,7222.78
Latvia,2018,7859.29
Lebanon,1994,13602.76
Lebanon,2000,15570.130000000001
Lebanon,2011,20656.420000000002
Lebanon,2012,22294.280000000002
Lebanon,2013,23096.54
Lesotho,1994,635.98
Lesotho,2000,805.03
Liberia,2000,3571
Liechtenstein,1990,198.97
Liechtenstein,1991,206.33
Liechtenstein,1992,206.95000000000002
Liechtenstein,1993,215.03
Liechtenstein,1994,201.10999999999999
Liechtenstein,1995,204.2
Liechtenstein,1996,205.96
Liechtenstein,1997,218.37
Liechtenstein,1998,229.23
Liechtenstein,1999,226.56
Liechtenstein,2000,216.85000000000002
Liechtenstein,2001,214.66
Liechtenstein,2002,220.01
Liechtenstein,2003,229.35000000000002
Liechtenstein,2004,229.38000000000002
Liechtenstein,2005,228.97
Liechtenstein,2006,231.1
Liechtenstein,2007,200.76999999999998
Liechtenstein,2008,219.51
Liechtenstein,2009,205.35000000000002
Liechtenstein,2010,190.81
Liechtenstein,2011,176.78
Liechtenstein,2012,185.31
Liechtenstein,2013,192.54
Liechtenstein,2014,161.23999999999998
Liechtenstein,2015,159.70999999999998
Liechtenstein,2016,149.88000000000002
Liechtenstein,2017,156.28
Liechtenstein,2018,143.75
Lithuania,1990,35771.82
Lithuania,1991,37851.59
Lithuania,1992,21200.58
Lithuania,1993,16348.05
Lithuania,1994,15788.27
Lithuania,1995,15084.48
Lithuania,1996,15757.630000000001
Lithuania,1997,15182.210000000001
Lithuania,1998,16039.7
Lithuania,1999,13476.96
Lithuania,2000,11873.92
Lithuania,2001,12621.369999999999
Lithuania,2002,12690.01
Lithuania,2003,12679.869999999999
Lithuania,2004,13272.34
Lithuania,2005,14091.08
Lithuania,2006,14408.01
Lithuania,2007,15797.79
Lithuania,2008,15179.16
Lithuania,2009,13022.77
Lithuania,2010,13926.740000000002
Lithuania,2011,14271.08
Lithuania,2012,14330.83
Lithuania,2013,13340.27
Lithuania,2014,13087.47
Lithuania,2015,13297.140000000001
Lithuania,2016,13327.51
Lithuania,2017,13545.849999999999
Lithuania,2018,13669.49
Luxembourg,1990,11847.640000000001
Luxembourg,1991,12465.79
Luxembourg,1992,12232.16
Luxembourg,1993,12372.81
Luxembourg,1994,11563.93
Luxembourg,1995,9170.3
Luxembourg,1996,9219.91
Luxembourg,1997,8573.11
Luxembourg,1998,7695.07
Luxembourg,1999,8147.98
Luxembourg,2000,8731.57
Luxembourg,2001,9226.369999999999
Luxembourg,2002,10003.05
Luxembourg,2003,10476.02
Luxembourg,2004,11844.31
Luxembourg,2005,12105.449999999999
Luxembourg,2006,11936.28
Luxembourg,2007,11333.58
Luxembourg,2008,11195.25
Luxembourg,2009,10647.82
Luxembourg,2010,11219.29
Luxembourg,2011,11114.55
Luxembourg,2012,10851.4
Luxembourg,2013,10303.869999999999
Luxembourg,2014,9825.220000000001
Luxembourg,2015,9333.17
Luxembourg,2016,9080.25
Luxembourg,2017,9250.4
Luxembourg,2018,9568.52
Madagascar,1994,1146.1699999999998
Madagascar,2000,1747.4
Madagascar,2005,1919.1
Madagascar,2006,1999.3
Madagascar,2007,2098.7
Madagascar,2008,2250.3
Madagascar,2009,2076.4
Madagascar,2010,2057.9
Malawi,1990,669.25
Malawi,1994,719.26
Malaysia,1990,52140.59
Malaysia,1991,62312.48
Malaysia,1992,67718.14
Malaysia,1993,73579.68000000001
Malaysia,1994,82935.43
Malaysia,1995,83210.92
Malaysia,1996,97941.98999999999
Malaysia,1997,113400.43999999999
Malaysia,1998,103147.98
Malaysia,1999,113773.33
Malaysia,2000,136987.07
Malaysia,2001,146115.81999999998
Malaysia,2002,152580.96
Malaysia,2003,165746.22
Malaysia,2004,179143.37999999998
Malaysia,2005,192573.72
Malaysia,2006,192109.54
Malaysia,2007,205552.49
Malaysia,2008,209530.04
Malaysia,2009,201065.19
Malaysia,2010,217972.69
Malaysia,2011,205768.03
Maldives,1994,129
Maldives,2011,1236.97
Maldives,2012,1305.99
Maldives,2013,1400.01
Maldives,2014,1453.55
Maldives,2015,1476.8899999999999
Mali,1995,954.61
Mali,2000,1562.8899999999999
Mali,2010,2743.67
Malta,1990,2408.46
Malta,1991,2255.3900000000003
Malta,1992,2314.9
Malta,1993,2891.13
Malta,1994,2669.72
Malta,1995,2460.27
Malta,1996,2578.4500000000003
Malta,1997,2586.19
Malta,1998,2545.13
Malta,1999,2627.59
Malta,2000,2545.52
Malta,2001,2665.17
Malta,2002,2707.48
Malta,2003,2979.2799999999997
Malta,2004,2846.4100000000003
Malta,2005,2654.2599999999998
Malta,2006,2665.94
Malta,2007,2735.72
Malta,2008,2747.13
Malta,2009,2532.57
Malta,2010,2581.7599999999998
Malta,2011,2578.07
Malta,2012,2762.07
Malta,2013,2437.84
Malta,2014,2442.4
Malta,2015,1735.3
Malta,2016,1399.49
Malta,2017,1553
Malta,2018,1531.58
Marshall Islands,2000,80.92
Marshall Islands,2005,97.66
Marshall Islands,2010,124.94000000000001
Mauritania,1995,1046.6699999999998
Mauritania,2000,1137.07
Mauritius,1995,2739.8
Mauritius,2000,2289.8100000000004
Mauritius,2001,2476.96
Mauritius,2002,2494.53
Mauritius,2003,2661.3300000000004
Mauritius,2004,2659.52
Mauritius,2005,2820.25
Mauritius,2006,3482.62
Mauritius,2013,4250.1900000000005
Mexico,1990,307419.22000000003
Mexico,1991,318877.87
Mexico,1992,321246.52
Mexico,1993,321858.04
Mexico,1994,346246.67
Mexico,1995,333784.06
Mexico,1996,348140.71
Mexico,1997,365145.08
Mexico,1998,386249.83999999997
Mexico,1999,377722.1
Mexico,2000,407271.27
Mexico,2001,400547.89
Mexico,2002,395768.56
Mexico,2003,403331.35
Mexico,2004,432780.07
Mexico,2005,438673.96
Mexico,2006,454055.33
Mexico,2007,473765.52
Mexico,2008,494159.95
Mexico,2009,475352.59
Mexico,2010,489865.36
Mexico,2011,502147.36
Mexico,2012,504782.35
Mexico,2013,468240.1
Micronesia (Federated States of),1994,235.97
Micronesia (Federated States of),2000,151.99
Monaco,1990,98.23
Monaco,1991,98.91000000000001
Monaco,1992,104.51
Monaco,1993,103.6
Monaco,1994,104.41000000000001
Monaco,1995,101.2
Monaco,1996,104.71000000000001
Monaco,1997,103.19
Monaco,1998,102.07
Monaco,1999,102.77
Monaco,2000,100.31
Monaco,2001,100.01
Monaco,2002,99.74000000000001
Monaco,2003,97.05
Monaco,2004,91.88
Monaco,2005,90.31
Monaco,2006,84.01
Monaco,2007,82.77
Monaco,2008,82.35
Monaco,2009,79.16
Monaco,2010,77.69
Monaco,2011,75.01
Monaco,2012,78.05
Monaco,2013,78.81
Monaco,2014,73.89
Monaco,2015,74.36
Monaco,2016,74.66
Monaco,2017,73.05
Monaco,2018,74.76
Mongolia,1990,13650
Mongolia,1991,12141
Mongolia,1992,10529
Mongolia,1993,9913.2
Mongolia,1994,8665
Mongolia,1995,8141
Mongolia,1996,8978.7
Mongolia,1997,9310.8
Mongolia,1998,9061.1
Mongolia,2006,9956.25
Montenegro,1990,2491.4100000000003
Montenegro,1991,2585.54
Montenegro,1992,2143.69
Montenegro,1993,1691.1
Montenegro,1994,1328.8
Montenegro,1995,504.31
Montenegro,1996,2028.9
Montenegro,1997,1920.6799999999998
Montenegro,1998,2335.61
Montenegro,1999,2397.9700000000003
Montenegro,2000,2520.74
Montenegro,2001,2140.19
Montenegro,2002,2616.9500000000003
Montenegro,2003,2508.4700000000003
Montenegro,2004,2510.68
Montenegro,2005,2347.24
Montenegro,2006,2542.4700000000003
Montenegro,2007,2483.42
Montenegro,2008,3019.8
Montenegro,2009,2057.4700000000003
Montenegro,2010,2836.8500000000004
Montenegro,2011,2685.7
Morocco,1994,28364
Morocco,2000,33550.8
Morocco,2010,55823.9
Morocco,2012,62103.4
Mozambique,1990,1083.12
Mozambique,1994,1585.59
Myanmar,2000,7907.24
Myanmar,2001,7516.74
Myanmar,2002,7789.820000000001
Myanmar,2003,8406.630000000001
Myanmar,2004,8935.41
Myanmar,2005,8264.59
Namibia,1994,1826.6299999999999
Namibia,2000,2018
Nauru,1994,28.32
Nauru,2000,13.29
Nauru,2003,35.08
Nauru,2007,17.24
Nauru,2010,37.58
Nepal,1994,1630
Nepal,2000,2894.24
Netherlands,1990,162385.11000000002
Netherlands,1991,170796.37999999998
Netherlands,1992,170630.24000000002
Netherlands,1993,170817.55
Netherlands,1994,171401.37
Netherlands,1995,172966.17
Netherlands,1996,182148.29
Netherlands,1997,175019.63
Netherlands,1998,176136.87
Netherlands,1999,170727.34999999998
Netherlands,2000,171887.44
Netherlands,2001,176798.51
Netherlands,2002,176113.05
Netherlands,2003,179565
Netherlands,2004,181381.77000000002
Netherlands,2005,177459.01
Netherlands,2006,172686.52
Netherlands,2007,172587.18
Netherlands,2008,175481.51
Netherlands,2009,170167.74000000002
Netherlands,2010,182117.94
Netherlands,2011,169065.73
Netherlands,2012,165827.03
Netherlands,2013,165717.87999999998
Netherlands,2014,158768.01
Netherlands,2015,166366.66
Netherlands,2016,166282.09
Netherlands,2017,164444.77000000002
Netherlands,2018,160170.15
New Zealand,1990,25446.29
New Zealand,1991,26110.38
New Zealand,1992,28105.07
New Zealand,1993,27699.460000000003
New Zealand,1994,27880.329999999998
New Zealand,1995,28001.809999999998
New Zealand,1996,29295.08
New Zealand,1997,31289.34
New Zealand,1998,29882.780000000002
New Zealand,1999,31472.27
New Zealand,2000,32281.35
New Zealand,2001,34457.44
New Zealand,2002,34638.1
New Zealand,2003,36351.9
New Zealand,2004,35940.11
New Zealand,2005,37571.04
New Zealand,2006,37466.33
New Zealand,2007,36559.880000000005
New Zealand,2008,37592.32
New Zealand,2009,34762.43
New Zealand,2010,34957.78
New Zealand,2011,34249.57
New Zealand,2012,36000.43
New Zealand,2013,35240.94
New Zealand,2014,35457.8
New Zealand,2015,35839.189999999995
New Zealand,2016,34267.619999999995
New Zealand,2017,36153.33
New Zealand,2018,35080.340000000004
Nicaragua,1994,2728.38
Nicaragua,2000,3840.19
Niger,1990,598.47
Niger,2000,1905
Niger,2008,1800
Nigeria,1994,114815.82
Nigeria,2000,116825
Niue,1994,4.4
Niue,2000,4.819999999999999
Niue,2005,5.54
Niue,2006,6.7
Niue,2007,8.1
Niue,2008,4.84
Niue,2009,5.05
North Macedonia,1990,10287.59
North Macedonia,1991,9576.210000000001
North Macedonia,1992,8935.91
North Macedonia,1993,9359.09
North Macedonia,1994,9041.89
North Macedonia,1995,9207.93
North Macedonia,1996,8891.52
North Macedonia,1997,9632.4
North Macedonia,1998,10338.449999999999
North Macedonia,1999,9964.61
North Macedonia,2000,9571.65
North Macedonia,2001,9667.51
North Macedonia,2002,10027.43
North Macedonia,2003,9368.53
North Macedonia,2004,9114.57
North Macedonia,2005,9908.92
North Macedonia,2006,8977.05
North Macedonia,2007,9495.79
North Macedonia,2008,9565.18
North Macedonia,2009,8929.47
Norway,1990,35321.33
Norway,1991,33816.46
Norway,1992,34734.75
Norway,1993,36224.2
Norway,1994,38088.99
Norway,1995,38707.5
Norway,1996,41830.310000000005
Norway,1997,41969.98
Norway,1998,42220.229999999996
Norway,1999,42974.02
Norway,2000,42518.55
Norway,2001,43866.41
Norway,2002,42985.659999999996
Norway,2003,44305.68
Norway,2004,44622.58
Norway,2005,43923.159999999996
Norway,2006,44484.78
Norway,2007,46231.28999999999
Norway,2008,45377.7
Norway,2009,43890.03
Norway,2010,46231.65
Norway,2011,45513.36
Norway,2012,45038.310000000005
Norway,2013,44982.4
Norway,2014,44916.61
Norway,2015,45350.5
Norway,2016,44472.729999999996
Norway,2017,43562.54
Norway,2018,43817.659999999996
Oman,1994,11184.359999999999
Palau,1994,85.59
Palau,1999,0.01
Palau,2000,149.99
Palau,2005,331.84000000000003
Panama,1994,4314.91
Panama,2000,5171.99
Papua New Guinea,1994,1140.57
Papua New Guinea,2000,4400.45
Paraguay,1990,2270.22
Paraguay,1994,3810.57
Paraguay,2000,3646.8500000000004
Paraguay,2005,4148.820000000001
Paraguay,2011,5380.22
Paraguay,2012,5664.54
Peru,1994,30656.73
Peru,2000,32065
Peru,2010,44943.83
Peru,2012,48210
Philippines,1994,57932
Philippines,2000,82702.84
Poland,1990,376546.52
Poland,1991,373793.32
Poland,1992,364677.87
Poland,1993,365370.7
Poland,1994,360416.81
Poland,1995,362761.27
Poland,1996,377407.83999999997
Poland,1997,367385.32
Poland,1998,339132.89
Poland,1999,329167.33
Poland,2000,317338.03
Poland,2001,313647.66
Poland,2002,306403.33
Poland,2003,319406.05
Poland,2004,324146.21
Poland,2005,323161.27
Poland,2006,337037.51
Poland,2007,336368.5
Poland,2008,330145
Poland,2009,316607.7
Poland,2010,334606.78
Poland,2011,333952.03
Poland,2012,326348.21
Poland,2013,322225.44
Poland,2014,309920.92000000004
Poland,2015,313099.14999999997
Poland,2016,324011.33999999997
Poland,2017,337340.42000000004
Poland,2018,337705.74
Portugal,1990,45082.97
Portugal,1991,46960.259999999995
Portugal,1992,50889.17
Portugal,1993,49391.9
Portugal,1994,50246.450000000004
Portugal,1995,54450.77
Portugal,1996,51703.219999999994
Portugal,1997,54597.59
Portugal,1998,59138.43
Portugal,1999,66763.19
Portugal,2000,65526.59
Portugal,2001,65149.3
Portugal,2002,69556.08
Portugal,2003,64419.310000000005
Portugal,2004,67255.33
Portugal,2005,69483.98
Portugal,2006,64767.65
Portugal,2007,62280.42
Portugal,2008,59973.06
Portugal,2009,57200.259999999995
Portugal,2010,52989.380000000005
Portugal,2011,51792.65
Portugal,2012,49962.619999999995
Portugal,2013,48161.880000000005
Portugal,2014,47948.44
Portugal,2015,52294.06
Portugal,2016,50455.57
Portugal,2017,54719.98
Portugal,2018,51482.48
Qatar,2007,57611.96
Republic of Korea,1990,252328.67
Republic of Korea,1991,275230.29000000004
Republic of Korea,1992,299001.71
Republic of Korea,1993,334403.67
Republic of Korea,1994,356378.12
Republic of Korea,1995,385188.31
Republic of Korea,1996,417749.86
Republic of Korea,1997,443604.94
Republic of Korea,1998,377357.37
Republic of Korea,1999,409614.21
Republic of Korea,2000,441633.44
Republic of Korea,2001,456996.88
Republic of Korea,2002,475805.24
Republic of Korea,2003,484163.27
Republic of Korea,2004,490197.51
Republic of Korea,2005,494464.19
Republic of Korea,2006,501107.18
Republic of Korea,2007,522787.61
Republic of Korea,2008,536424.71
Republic of Korea,2009,541396.88
Republic of Korea,2010,594697.22
Republic of Korea,2011,624256.53
Republic of Korea,2012,627219.62
Republic of Korea,2013,636397.56
Republic of Korea,2014,629715.21
Republic of Korea,2015,634487.23
Republic of Korea,2016,637599.56
Republic of Moldova,1990,35333.689999999995
Republic of Moldova,1991,31049.99
Republic of Moldova,1992,21804.86
Republic of Moldova,1993,16569.55
Republic of Moldova,1994,14997.96
Republic of Moldova,1995,11552.740000000002
Republic of Moldova,1996,11655.59
Republic of Moldova,1997,10688.54
Republic of Moldova,1998,9063.02
Republic of Moldova,1999,7154.44
Republic of Moldova,2000,6388.39
Republic of Moldova,2001,6991.99
Republic of Moldova,2002,6667.91
Republic of Moldova,2003,7439.1900000000005
Republic of Moldova,2004,7912.17
Republic of Moldova,2005,8310.32
Republic of Moldova,2006,7651.92
Republic of Moldova,2007,8028.34
Republic of Moldova,2008,8727.81
Republic of Moldova,2009,9030.4
Republic of Moldova,2010,9552.3
Republic of Moldova,2011,9687.15
Republic of Moldova,2012,9354.19
Republic of Moldova,2013,8325.47
Romania,1990,169285.87
Romania,1991,139370.25
Romania,1992,131072.28
Romania,1993,122832.31
Romania,1994,121961.45999999999
Romania,1995,127032.86
Romania,1996,130095.93
Romania,1997,121074.67000000001
Romania,1998,107561.54
Romania,1999,90778.18000000001
Romania,2000,95455.76
Romania,2001,100357.07
Romania,2002,101735.33
Romania,2003,105295.17000000001
Romania,2004,104269.76
Romania,2005,102694.47
Romania,2006,105082.79
Romania,2007,108440.48999999999
Romania,2008,105534.58
Romania,2009,86024.14
Romania,2010,84289.72
Romania,2011,89518.25
Romania,2012,86255.69
Romania,2013,76875.89
Romania,2014,77432.42
Romania,2015,77725.63
Romania,2016,75812.8
Romania,2017,78077.48999999999
Romania,2018,76951.22
Russian Federation,1990,2525293.7800000003
Russian Federation,1991,2395977.96
Russian Federation,1992,1957658.8900000001
Russian Federation,1993,1859459.6300000001
Russian Federation,1994,1641399.1600000001
Russian Federation,1995,1612928.32
Russian Federation,1996,1580160.84
Russian Federation,1997,1475157.1700000002
Russian Federation,1998,1458157.1300000001
Russian Federation,1999,1486090.03
Russian Federation,2000,1471052.23
Russian Federation,2001,1507500.8800000001
Russian Federation,2002,1495483.58
Russian Federation,2003,1525389.95
Russian Federation,2004,1530473.62
Russian Federation,2005,1547375.78
Russian Federation,2006,1606313.36
Russian Federation,2007,1604323.81
Russian Federation,2008,1636694.37
Russian Federation,2009,1528764.92
Russian Federation,2010,1612884.81
Russian Federation,2011,1664953.1500000001
Russian Federation,2012,1679866.2
Russian Federation,2013,1619172.8900000001
Russian Federation,2014,1622348.91
Russian Federation,2015,1622861.01
Russian Federation,2016,1618304.26
Russian Federation,2017,1646179.81
Russian Federation,2018,1691360.43
Rwanda,2002,312.46999999999997
Rwanda,2005,532
Saint Kitts and Nevis,1994,70.83
Saint Lucia,1994,268.24
Saint Lucia,2000,340.19
Saint Lucia,2005,395.28
Saint Lucia,2010,489.42999999999995
Saint Vincent and the Grenadines,1990,81.51
Saint Vincent and the Grenadines,1994,95.07
Saint Vincent and the Grenadines,1997,106.83
Saint Vincent and the Grenadines,2000,155.15
Saint Vincent and the Grenadines,2004,217.41
Samoa,1994,102.2
San Marino,2007,232.19
San Marino,2010,262.74
Sao Tome and Principe,2012,109.75
Saudi Arabia,1990,138265.5
Saudi Arabia,2000,256720
Saudi Arabia,2010,471246.3
Saudi Arabia,2012,498852.8
Senegal,2000,6788.929999999999
Senegal,2005,5078.38
Serbia,1990,62969.97
Serbia,1998,50604.6
Seychelles,1995,178.73
Seychelles,2000,260.61
Sierra Leone,1996,319.03
Sierra Leone,1997,158.33
Sierra Leone,1998,367.67
Sierra Leone,1999,262.55
Sierra Leone,2000,581.63
Sierra Leone,2001,57.64
Sierra Leone,2002,67.06
Sierra Leone,2003,74.6
Sierra Leone,2004,76.63
Sierra Leone,2005,87.19
Singapore,1994,26800.18
Singapore,2000,37755.810000000005
Singapore,2010,45202.880000000005
Singapore,2012,46777.4
Slovakia,1990,61633.46
Slovakia,1991,53437.9
Slovakia,1992,49029.14
Slovakia,1993,46484.219999999994
Slovakia,1994,43878.719999999994
Slovakia,1995,44322.41
Slovakia,1996,44186.119999999995
Slovakia,1997,44313.68
Slovakia,1998,44073.14
Slovakia,1999,43200.61
Slovakia,2000,41289.13
Slovakia,2001,43378.3
Slovakia,2002,42112.41
Slovakia,2003,42438.08
Slovakia,2004,42924.75
Slovakia,2005,42910.850000000006
Slovakia,2006,42687.28999999999
Slovakia,2007,41095.11
Slovakia,2008,41503.17
Slovakia,2009,37755.07
Slovakia,2010,38523.219999999994
Slovakia,2011,38111.950000000004
Slovakia,2012,36021.18
Slovakia,2013,35577.840000000004
Slovakia,2014,33654.5
Slovakia,2015,34484.24
Slovakia,2016,34921.78999999999
Slovakia,2017,36087.340000000004
Slovakia,2018,36087.840000000004
Slovenia,1990,15093.84
Slovenia,1991,14001.240000000002
Slovenia,1992,14006.75
Slovenia,1993,14303.47
Slovenia,1994,14642.67
Slovenia,1995,15254.25
Slovenia,1996,15916.61
Slovenia,1997,16244.92
Slovenia,1998,15961.130000000001
Slovenia,1999,15337.240000000002
Slovenia,2000,15444.9
Slovenia,2001,16378.34
Slovenia,2002,16525.27
Slovenia,2003,16289.03
Slovenia,2004,16651.03
Slovenia,2005,16948.12
Slovenia,2006,17142.53
Slovenia,2007,17281
Slovenia,2008,18220.01
Slovenia,2009,16329.78
Slovenia,2010,16376.44
Slovenia,2011,16360.3
Slovenia,2012,15821.76
Slovenia,2013,15188.91
Slovenia,2014,13531.94
Slovenia,2015,13617.54
Slovenia,2016,14416.66
Slovenia,2017,14264.75
Slovenia,2018,14487.84
Solomon Islands,1994,294.38
Solomon Islands,2000,191.23999999999998
South Africa,1990,280931.77
South Africa,1994,315957.23000000004
South Sudan,2012,1027.94
South Sudan,2013,1603.56
South Sudan,2014,1776.04
South Sudan,2015,1828.72
Spain,1990,231213.56
Spain,1991,240953.02
Spain,1992,249813.19
Spain,1993,241195.18
Spain,1994,253661.38999999998
Spain,1995,267416.72000000003
Spain,1996,254795.33
Spain,1997,267306.44
Spain,1998,276021.58
Spain,1999,299498.67
Spain,2000,311267.05
Spain,2001,313119.83999999997
Spain,2002,333379.52
Spain,2003,337588.93000000005
Spain,2004,354485.58
Spain,2005,369492.12
Spain,2006,360578.6
Spain,2007,368432.7
Spain,2008,336624.21
Spain,2009,297241.18
Spain,2010,283724.99000000005
Spain,2011,284543.85
Spain,2012,278850.69
Spain,2013,252763.81999999998
Spain,2014,255100.21000000002
Spain,2015,271687.35
Spain,2016,260759.56
Spain,2017,274671.26
Spain,2018,269654.25
Sri Lanka,1993,4779
Sri Lanka,1994,5748.22
Sri Lanka,1995,5644
Sri Lanka,2000,10922.42
State of Palestine,2011,1935.59
Sudan,1995,4500
Sudan,2000,6183
Suriname,2003,2469
Sweden,1990,57348.82
Sweden,1991,57707.219999999994
Sweden,1992,57451.49
Sweden,1993,57493.450000000004
Sweden,1994,59953.810000000005
Sweden,1995,59366.21
Sweden,1996,63302.78
Sweden,1997,58212.55
Sweden,1998,58696.67
Sweden,1999,55820.159999999996
Sweden,2000,54684.43
Sweden,2001,55617.06
Sweden,2002,56572.52
Sweden,2003,57160.57
Sweden,2004,56475.92
Sweden,2005,53852.86
Sweden,2006,53674.27
Sweden,2007,52940.9
Sweden,2008,50856
Sweden,2009,47231.119999999995
Sweden,2010,53042.219999999994
Sweden,2011,49166.9
Sweden,2012,46692.01
Sweden,2013,45086.340000000004
Sweden,2014,43337.56
Sweden,2015,43336.759999999995
Sweden,2016,42972.57
Sweden,2017,42306.82
Sweden,2018,41766.18
Switzerland,1990,44154.42
Switzerland,1991,46133.82
Switzerland,1992,46009.7
Switzerland,1993,43601.02
Switzerland,1994,42675.89
Switzerland,1995,43412.83
Switzerland,1996,44098.82
Switzerland,1997,43037.27
Switzerland,1998,44614.82
Switzerland,1999,44445.840000000004
Switzerland,2000,43617.59
Switzerland,2001,45082.450000000004
Switzerland,2002,43467.6
Switzerland,2003,44651.91
Switzerland,2004,45236.4
Switzerland,2005,45788.229999999996
Switzerland,2006,45373.68
Switzerland,2007,43368.37
Switzerland,2008,44714.310000000005
Switzerland,2009,43534.719999999994
Switzerland,2010,45049.55
Switzerland,2011,40985.52
Switzerland,2012,42254.719999999994
Switzerland,2013,43185.840000000004
Switzerland,2014,39234.43
Switzerland,2015,38733.189999999995
Switzerland,2016,39192.61
Switzerland,2017,38182.27
Switzerland,2018,36895.48
Tajikistan,1990,17695
Tajikistan,1991,17134
Tajikistan,1992,14073
Tajikistan,1993,11826
Tajikistan,1994,6694
Tajikistan,1995,4668
Tajikistan,1996,3206
Tajikistan,1997,3326
Tajikistan,1998,2500
Tajikistan,1999,2622
Tajikistan,2000,2538
Tajikistan,2001,2768
Tajikistan,2002,2593
Tajikistan,2003,2768
Tajikistan,2004,3298
Tajikistan,2005,2645
Tajikistan,2006,3474
Tajikistan,2007,2541
Tajikistan,2008,2518
Tajikistan,2009,2011
Tajikistan,2010,1908
Thailand,1994,141453.2
Thailand,2013,242022.61000000002
Timor-Leste,2010,260.84000000000003
Togo,1992,825.5
Togo,1993,546.9
Togo,1994,1033.6
Togo,1995,1277.94
Togo,1996,1022.8
Togo,1997,1088.4
Togo,1998,1404.8
Togo,2000,1461.9
Togo,2005,1899.72
Tonga,1994,79.98
Tonga,2000,94.93
Tonga,2006,113.14
Trinidad and Tobago,1990,14987
Tunisia,1994,17096.5
Tunisia,2000,22665.18
Turkey,1990,151508.47
Turkey,1991,157982
Turkey,1992,163922.25
Turkey,1993,171011.16
Turkey,1994,167433.11000000002
Turkey,1995,180903.05
Turkey,1996,199521.94
Turkey,1997,212005.57
Turkey,1998,212040.28
Turkey,1999,207804.16
Turkey,2000,229790.6
Turkey,2001,213486.09
Turkey,2002,220977.7
Turkey,2003,236483.88999999998
Turkey,2004,244464.11000000002
Turkey,2005,264200.8
Turkey,2006,281649.18
Turkey,2007,312736.71
Turkey,2008,309321.19
Turkey,2009,315359.63999999996
Turkey,2010,314380.03
Turkey,2011,339482.25
Turkey,2012,353666.21
Turkey,2013,345220.58
Turkey,2014,361675.46
Turkey,2015,381331.94
Turkey,2016,401239.74
Turkey,2017,425329.23000000004
Turkey,2018,419194.75
Turkmenistan,1994,15197.68
Turkmenistan,2000,24683.2
Turkmenistan,2004,25526.06
Turkmenistan,2010,37325.17
Tuvalu,1994,4.6499999999999995
Tuvalu,2014,11.16
Uganda,1994,730.25
Uganda,2000,1371
Ukraine,1990,705829.99
Ukraine,1991,632536.63
Ukraine,1992,589060.25
Ukraine,1993,510199.54
Ukraine,1994,419266.3
Ukraine,1995,389864.61
Ukraine,1996,351408.75
Ukraine,1997,340242.69
Ukraine,1998,328578.94
Ukraine,1999,298203.96
Ukraine,2000,285337.2
Ukraine,2001,303559.23000000004
Ukraine,2002,295673.49000000005
Ukraine,2003,307017.47000000003
Ukraine,2004,310362.75
Ukraine,2005,313118.09
Ukraine,2006,332670.33999999997
Ukraine,2007,336364.01
Ukraine,2008,325532.71
Ukraine,2009,277293.5
Ukraine,2010,294078.32
Ukraine,2011,307952.83999999997
Ukraine,2012,303952.61
Ukraine,2013,297294.25
Ukraine,2014,257584.69
Ukraine,2015,223911.87
Ukraine,2016,234200.3
Ukraine,2017,223232.15
Ukraine,2018,231694.16
United Arab Emirates,1994,63690
United Arab Emirates,2000,102707
United Arab Emirates,2005,158438
United Arab Emirates,2014,188884.9
United Kingdom of Great Britain and Northern Ireland,1990,601187.19
United Kingdom of Great Britain and Northern Ireland,1991,609266
United Kingdom of Great Britain and Northern Ireland,1992,593745.97
United Kingdom of Great Britain and Northern Ireland,1993,579506.69
United Kingdom of Great Britain and Northern Ireland,1994,575774.6
United Kingdom of Great Britain and Northern Ireland,1995,567507.65
United Kingdom of Great Britain and Northern Ireland,1996,589137.8200000001
United Kingdom of Great Britain and Northern Ireland,1997,563241.8400000001
United Kingdom of Great Britain and Northern Ireland,1998,568512.2
United Kingdom of Great Britain and Northern Ireland,1999,561651.09
United Kingdom of Great Britain and Northern Ireland,2000,568220.06
United Kingdom of Great Britain and Northern Ireland,2001,576926.99
United Kingdom of Great Britain and Northern Ireland,2002,561047.8500000001
United Kingdom of Great Britain and Northern Ireland,2003,572532.25
United Kingdom of Great Britain and Northern Ireland,2004,573994.49
United Kingdom of Great Britain and Northern Ireland,2005,570724.2699999999
United Kingdom of Great Britain and Northern Ireland,2006,568390.05
United Kingdom of Great Britain and Northern Ireland,2007,560205.6
United Kingdom of Great Britain and Northern Ireland,2008,545682.47
United Kingdom of Great Britain and Northern Ireland,2009,495119.49000000005
United Kingdom of Great Britain and Northern Ireland,2010,512864.79000000004
United Kingdom of Great Britain and Northern Ireland,2011,470608.13
United Kingdom of Great Britain and Northern Ireland,2012,488503.55
United Kingdom of Great Britain and Northern Ireland,2013,478608.95
United Kingdom of Great Britain and Northern Ireland,2014,439763.28
United Kingdom of Great Britain and Northern Ireland,2015,423199.62
United Kingdom of Great Britain and Northern Ireland,2016,399824.3
United Kingdom of Great Britain and Northern Ireland,2017,388803.41000000003
United Kingdom of Great Britain and Northern Ireland,2018,380849.88
United Republic of Tanzania,1990,3249.3700000000003
United Republic of Tanzania,1994,3225.53
United States of America,1990,5128300.619999999
United States of America,1991,5078889.58
United States of America,1992,5182706.72
United States of America,1993,5283437.6
United States of America,1994,5377032.71
United States of America,1995,5438905.7
United States of America,1996,5626911.9
United States of America,1997,5703706.970000001
United States of America,1998,5751051.98
United States of America,1999,5830297.64
United States of America,2000,5998070.430000001
United States of America,2001,5900436.6
United States of America,2002,5942652.33
United States of America,2003,5991959.63
United States of America,2004,6107618.25
United States of America,2005,6131892.98
United States of America,2006,6051051.02
United States of America,2007,6128429.64
United States of America,2008,5930539.64
United States of America,2009,5491035.73
United States of America,2010,5698055.78
United States of America,2011,5565294.4
United States of America,2012,5367568.56
United States of America,2013,5514029.29
United States of America,2014,5561719.22
United States of America,2015,5412432.1899999995
United States of America,2016,5292267.56
United States of America,2017,5253606.13
United States of America,2018,5424881.5
Uruguay,1990,3897.3300000000004
Uruguay,1994,4267.9
Uruguay,1998,5910.87
Uruguay,2000,5576.6
Uruguay,2002,4355.2699999999995
Uruguay,2004,5589.1
Uruguay,2006,6442.84
Uruguay,2008,7917.429999999999
Uruguay,2010,6548.9
Uruguay,2012,8806
Uruguay,2014,6824.5
Uruguay,2016,6863.1
Uruguay,2017,6530
Uzbekistan,1990,113286.32
Uzbekistan,1991,113301.73999999999
Uzbekistan,1992,106305.61
Uzbekistan,1993,106809
Uzbekistan,1994,101370.9
Uzbekistan,1995,101021.05
Uzbekistan,1996,104012.36
Uzbekistan,1997,102265.9
Uzbekistan,1998,99999.06
Uzbekistan,1999,104052.93999999999
Uzbekistan,2000,108606.83
Uzbekistan,2001,107876.5
Uzbekistan,2002,111020.33
Uzbekistan,2003,106841.01
Uzbekistan,2004,104822.79
Uzbekistan,2005,100863.85
Uzbekistan,2006,103617.93999999999
Uzbekistan,2007,103446.05
Uzbekistan,2008,113156.4
Uzbekistan,2009,107567.39
Uzbekistan,2010,101762.95999999999
Uzbekistan,2011,105089.37000000001
Uzbekistan,2012,105529.23999999999
Vanuatu,1994,55.15
Vanuatu,2000,69.59
Venezuela (Bolivarian Republic of),1999,114126
Viet Nam,1994,25382.82
Viet Nam,2000,55905.719999999994
Viet Nam,2010,146036.77000000002
Viet Nam,2013,156969.31
Yemen,1995,10514.96
Yemen,2000,17548
Yemen,2010,22341
Yemen,2012,23311.940000000002
Zambia,1994,2595.3500000000004
Zambia,2000,1685.8899999999999
Zimbabwe,1994,17088.480000000003
Zimbabwe,2000,24869.08
Zimbabwe,2006,10995.15
